{
    "v": {
        "l": 1.2345678,
        "t": 1.2345678,
        "r": 1.2345678,
        "b": 1.2345678,
        "p": true
    },
    "p": {
        "s": {
            "w": 1.2345678,
            "h": 1.2345678
        },
        "o": {
            "w": 1.2345678,
            "h": 1.2345678
        }
    },
    "r": {
        "t": "",
        "r": 100
    },
    "s": 1000
}